"Reference","Qty","Value","DNP","Exclude from BOM","Exclude from Board","Footprint","Datasheet"
"C1","1","0.01uF","","","","Capacitor_SMD:C_0805_2012Metric","https://robu.in/product/c0805c103k3ractu-kemet-smd-multilayer-ceramic-capacitor-0-01-%C2%B5f-25-v-0805-2012-metric-%C2%B1-10-x7r-c-series-kemet/"
"C2","1","2.2uF","","","","Capacitor_SMD:C_0805_2012Metric","https://robu.in/product/c2012x7r1h225k125ae-tdk-smd-multilayer-ceramic-capacitor-2-2-%C2%B5f-50-v-0805-2012-metric-%C2%B1-10-x7r-c/"
"C3,C6,C8,C14","4","10uF","","","","Capacitor_SMD:C_0805_2012Metric","https://evelta.com/10uf-25v-10-x7r-0805-mlcc-multilayer-ceramic-capacitors-cl21b106kayqnne/?srsltid=AfmBOop6samneMPaHXx-MiI5JWJM9YKJ0N6rnU7zCnEWXG37b_t0nO_Q"
"C4,C5,C7,C9,C10,C15,C17","7","0.1uF","","","","Capacitor_SMD:C_0805_2012Metric","https://robu.in/product/c0805c104k1ractu-kemet-smd-multilayer-ceramic-capacitor-0-1-%C2%B5f-100-v-0805-2012-metric-%C2%B1-10-x7r-c-series-kemet/"
"C11,C12,C16","3","22uF","","","","Capacitor_SMD:C_0805_2012Metric","https://www.ktron.in/product/22uf-25v-ceramic-capacitor-smd-0805-2/?srsltid=AfmBOoqlXi3XPX-LjDrdOjtY_ooVU8QOZj7EsHtxi2vQ-D3fkosC9xfn"
"C13","1","75pF","","","","Capacitor_SMD:C_0805_2012Metric","https://robu.in/product/tcc0805cog750j500bt-cctc-smt-ceramic-capacitors-0805-cog-750j75pf%C2%B15-0-rated-voltage50v-thickness0-60mmtape/"
"D7","1","SP0503BAHT","","","","Package_TO_SOT_SMD:SOT-143","https://robu.in/product/sp0503bahtg-littelfuse-sp0503bahtg-esd-protection-device-tvs-8-5-v-sot-143-4-pins-5-5-v-spa-sp05-series/"
"D14,D17,D18","3","LED","","","","LED_SMD:LED_0805_2012Metric","https://robu.in/product/17-21-g6c-ap1q1b-3t-everlight-yellow-green-574nm-led-indication-discrete-2-05v-0805-2012-metric/"
"D16,D19,D20","3","SS14","","","","Diode_SMD:D_SMA","https://robu.in/product/ss14-slkor-40v-550mv1a-1a-smado-214ac-schottky-diodes-rohs/"
"J1","1","ToF Female Socket","","","","Connector_PinSocket_2.54mm:PinSocket_1x06_P2.54mm_Vertical","https://robu.in/product/6-pin-female-11mm-tall-stackable-header-connector-for-arduino-5pcs/"
"J2","1","Screw_Terminal_01x02","","","","Connector_JST:JST_EH_S2B-EH_1x02_P2.50mm_Horizontal","https://robu.in/product/2-pin-2-54mm-pitch-pluggable-screw-terminal-block-pack-of-3/"
"J5","1","USB_C_Receptacle_USB2.0_16P","","","","Connector_USB:USB_C_Receptacle_GCT_USB4105-xx-A_16P_TopMnt_Horizontal","https://evelta.com/usb-type-c-receptacle-vertical-mount-usb-c-female-connector-16pin-6-5h/"
"J6,J7","2","Conn_01x14_Pin","","","","Connector_PinHeader_1.27mm:PinHeader_1x14_P1.27mm_Vertical","https://robu.in/product/1-27mm-1x40-pin-male-single-row-header-strip-pack-of-5/"
"J8","1","Conn_01x12_Pin","","","","Connector_PinHeader_1.27mm:PinHeader_1x12_P1.27mm_Vertical","https://robu.in/product/1-27mm-1x40-pin-male-single-row-header-strip-pack-of-5/"
"J10,J11","2","Conn_01x06_Pin","","","","Connector_JST:JST_ZH_B6B-ZR_1x06_P1.50mm_Vertical","https://robu.in/product/b6b-xh-alfsn-jst-1x6p-6p-xh-tin-6-25%e2%84%8385%e2%84%83-3a-1-2-5mm-brass-direct-insert-pluginp2-5mm-wire-to-board-connector-rohs/"
"L1","1","10uH","","","","Inductor_SMD:L_Sunlord_MWSA0603S","https://robu.in/product/mwsa0603s-100mt-sunlord-10uh-5-2a-20-68mohm-unshielded-wirewound-power-inductor-smd/"
"R1","1","200mOhm","","","","Resistor_SMD:R_0805_2012Metric","https://evelta.com/200e-5-0805-smd-resistor-royal-ohm-0805s8j0201t5e/?sku=058-0805S8J0201T5E&utm_source=google&utm_campaign=20308067004&utm_medium=cpc&utm_content=&utm_term=&gad_source=1&gad_campaignid=20317564702&gbraid=0AAAAADwtsXkb2f2bUP42pktH1urhrbP7Q&gclid=CjwKCAjw7KvTBhA6EiwAWnutYfdYO_7atG9YV_NrZhTSSfAYdqPmA3b02OqkB-AOd_kCwYA-mQ1uNhoCOI0QAvD_BwE"
"R2,R4,R9,R11","4","4.7k","","","","Resistor_SMD:R_0805_2012Metric","https://robu.in/product/wr08x472jtl-walsin-125mw-thick-film-resistors-150v-%c2%b1100ppm-%e2%84%83-%c2%b15-4-7k%cf%89-0805-chip-resistor-surface-mount-rohs/"
"R3,R5,R10,R12","4","150R","","","","Resistor_SMD:R_0805_2012Metric","https://robu.in/product/ac0805fr-07150rl-yageo-res-thick-film-0805-150-ohm-1-0-125w1-8w-%c2%b1100ppm-c-pad-smd-t-r-automotive-aec-q200/"
"R6,R8","2","5.1K","","","","Resistor_SMD:R_0805_2012Metric","https://robu.in/product/erj6geyj512v-panasonic-125mw-thick-film-resistors-%c2%b15-%c2%b1200ppm-%e2%84%83-5-1k%cf%89-0805-chip-resistor-surface-mount-rohs/"
"R7,R20","2","10K","","","","Resistor_SMD:R_0805_2012Metric","https://robu.in/product/ac0805fr-0710kl-yageo-res-thick-film-0805-10k-ohm-1-0-125w1-8w-%c2%b1100ppm-c-pad-smd-t-r-automotive-aec-q200/"
"R13","1","511K","","","","Resistor_SMD:R_0805_2012Metric","https://robu.in/product/ac0805fr-07511kl-yageo-125mw-thick-film-resistors-150v-%c2%b1100ppm-%e2%84%83-%c2%b11-511k%cf%89-0805-chip-resistor-surface-mount-rohs/"
"R14","1","105K","","","","Resistor_SMD:R_0805_2012Metric","https://robu.in/product/rc0805fr-07105kl-yageo-125mw-thick-film-resistors-150v-%c2%b1100ppm-%e2%84%83-%c2%b11-105k%cf%89-0805-chip-resistor-surface-mount-rohs/"
"R15","1","49.9K","","","","Resistor_SMD:R_0805_2012Metric","https://robu.in/product/crcw080549k9fkea-vishay-intertech-125mw-thick-film-resistors-200v-%c2%b11-%c2%b1100ppm-%e2%84%83-49-9k%cf%89-0805-chip-resistor-surface-mount-rohs/"
"R16,R25,R26","3","330R","","","","Resistor_SMD:R_0805_2012Metric","https://robu.in/product/rc0805fr-07330rl-yageo-res-thick-film-0805-330-ohm-1-0-125w1-8w-%c2%b1100ppm-c-pad-smd-t-r/"
"R17","1","100K","","","","Resistor_SMD:R_0805_2012Metric","https://robu.in/product/ac0805fr-7w100kl-yageo-res-thick-film-0805-100k-ohm-1-0-25w1-4w-%c2%b1100ppm-c-pad-smd-t-r-automotive-aec-q200/"
"R18","1","13.3K","","","","Resistor_SMD:R_0805_2012Metric","https://robu.in/product/rc0805fr-0713k3l-yageo-125mw-thick-film-resistors-150v-%c2%b1100ppm-%e2%84%83-%c2%b11-13-3k%cf%89-0805-chip-resistor-surface-mount-rohs/"
"R27","1","52.3K","","","","Resistor_SMD:R_0805_2012Metric","https://robu.in/product/ac0805fr-0752k3l-yageo-125mw-thick-film-resistors-150v-%c2%b1100ppm-%e2%84%83-%c2%b11-52-3k%cf%89-0805-chip-resistor-surface-mount-rohs/"
"SW1","1","RESET","","","","Button_Switch_SMD:SW_Push_SPST_NO_Alps_SKRK","https://www.ktron.in/product/3x4x2mm-smd-tactile-switch/?srsltid=AfmBOopMdd5-bJ5xXFZd9PiLNApgxKMslGiktDv3wshEBDD2Q2j3a9CidDk"
"SW2","1","BOOT","","","","Button_Switch_SMD:SW_Push_SPST_NO_Alps_SKRK","https://www.ktron.in/product/3x4x2mm-smd-tactile-switch/?srsltid=AfmBOopMdd5-bJ5xXFZd9PiLNApgxKMslGiktDv3wshEBDD2Q2j3a9CidDk"
"U1","1","ESP32-S3-WROOM-2","","","","RF_Module:ESP32-S3-WROOM-2","https://mou.sr/45h7VjL"
"U2","1","DRV8833PW","","","","Package_SO:TSSOP-16_4.4x5mm_P0.65mm","https://www.lioncircuits.com/parts/DRV8833PW?srsltid=AfmBOoqkOLez9KMk0vQ-Lso-jD9xtpiwiiVE1RrpC7Ctk2IqMD0uQPI5"
"U3,U7,U8,U9","4","TCRT5000","","","","TCRT5000:OPTO_TCRT5000","https://robu.in/product/tcrt5000-reflective-ir-sensor-photoelectric-switch/"
"U5","1","AMS1117-3.3","","","","Package_TO_SOT_SMD:SOT-223-3_TabPin2","https://evelta.com/ams1117-3-3-linear-voltage-regulator-3-3v-1a-ic-sot-223-3l/"
"U10","1","TPS54302","","","","Package_TO_SOT_SMD:SOT-23-6","https://robu.in/product/tps54302ddcr-texas-instruments-step-down-type-adjustable-3a-4-5v28v-tsot-23-6-dc-dc-converters-rohs/"
